id_transacao,id_cliente,id_produto
1,1,12
1,1,9
2,3,18
2,3,14
2,3,4
2,3,10
3,6,8
3,6,15
3,6,7
3,6,1
3,6,8
4,5,13
4,5,5
5,4,2
5,4,9
5,4,12
5,4,15
6,3,10
6,3,18
6,3,14
7,6,8
7,6,7
7,6,15
7,6,1
7,6,17
8,1,15
8,1,3
9,6,8
9,6,11
9,6,1
9,6,15
9,6,8
10,2,16
10,2,8
10,2,1
11,1,12
11,1,15
12,1,15
12,1,3
12,1,9
12,1,12
13,4,9
13,4,15
13,4,2
13,4,12
14,3,4
14,3,18
14,3,10
15,3,18
15,3,4
15,3,10
16,2,1
16,2,16
16,2,8
17,5,13
17,5,16
18,6,15
18,6,8
18,6,17
19,5,13
19,5,5
20,3,14
20,3,18
21,6,17
21,6,11
21,6,8
22,5,13
22,5,16
23,2,8
23,2,1
24,1,15
24,1,9
25,2,8
25,2,1
26,4,2
26,4,9
26,4,15
27,3,4
27,3,14
27,3,10
27,3,18
28,1,9
28,1,3
29,2,1
29,2,8
30,2,8
30,2,1
31,2,1
31,2,16
32,5,16
32,5,13
32,5,5
33,5,13
33,5,5
34,3,10
34,3,18
35,5,13
35,5,16
36,1,9
36,1,3
36,1,12
37,6,7
37,6,8
37,6,1
37,6,11
37,6,15
38,1,15
38,1,3
38,1,9
38,1,12
39,4,9
39,4,12
39,4,2
39,4,15
40,4,2
40,4,9
40,4,12
40,4,15
41,3,10
41,3,18
42,2,16
42,2,1
42,2,8
43,6,8
43,6,11
43,6,17
43,6,7
44,4,2
44,4,12
44,4,9
45,6,7
45,6,15
45,6,8
45,6,17
45,6,8
46,6,15
46,6,1
46,6,8
46,6,8
46,6,7
47,5,16
47,5,13
48,2,8
48,2,16
48,2,1
49,6,11
49,6,7
49,6,15
49,6,8
49,6,17
50,4,12
50,4,15
51,3,18
51,3,10
51,3,4
51,3,14
52,1,9
52,1,12
52,1,3
53,5,16
53,5,13
53,5,5
54,3,4
54,3,14
54,3,18
54,3,10
55,2,1
55,2,8
56,1,12
56,1,9
56,1,15
57,6,11
57,6,8
57,6,7
57,6,8
58,4,15
58,4,12
59,4,2
59,4,15
60,5,16
60,5,5
60,5,13
61,6,17
61,6,8
62,4,9
62,4,2
62,4,15
63,5,5
63,5,13
63,5,16
64,5,13
64,5,16
64,5,5
65,5,16
65,5,5
65,5,13
66,2,1
66,2,8
67,1,15
67,1,3
67,1,12
68,4,2
68,4,12
68,4,9
69,5,13
69,5,16
69,5,5
70,3,14
70,3,10
70,3,18
70,3,4
71,1,3
71,1,15
72,2,1
72,2,8
72,2,16
73,1,9
73,1,12
73,1,15
73,1,3
74,2,8
74,2,1
74,2,16
75,5,5
75,5,16
75,5,13
76,2,1
76,2,8
77,4,2
77,4,15
78,4,2
78,4,15
79,5,5
79,5,13
80,2,1
80,2,16
80,2,8
81,2,8
81,2,1
82,1,3
82,1,9
82,1,15
83,3,14
83,3,18
84,1,9
84,1,12
84,1,3
84,1,15
85,6,8
85,6,8
85,6,17
86,1,9
86,1,12
86,1,15
86,1,3
87,4,9
87,4,12
87,4,2
87,4,15
88,4,2
88,4,9
88,4,12
89,2,1
89,2,8
89,2,16
90,6,8
90,6,17
90,6,1
90,6,11
91,6,15
91,6,8
91,6,7
91,6,11
92,3,18
92,3,4
93,1,15
93,1,9
93,1,12
94,4,2
94,4,12
94,4,9
95,3,14
95,3,4
95,3,10
96,3,4
96,3,10
97,4,15
97,4,12
97,4,9
98,6,8
98,6,17
98,6,15
99,5,16
99,5,13
100,4,9
100,4,2
100,4,15
101,1,12
101,1,15
102,6,7
102,6,15
102,6,8
102,6,17
103,2,1
103,2,8
103,2,16
104,4,15
104,4,9
104,4,12
104,4,2
105,5,16
105,5,5
105,5,13
106,2,16
106,2,8
107,4,9
107,4,15
108,1,15
108,1,12
108,1,9
109,1,3
109,1,9
110,4,2
110,4,15
110,4,9
111,4,15
111,4,9
111,4,12
111,4,2
112,4,9
112,4,15
112,4,12
113,1,12
113,1,9
113,1,3
114,3,4
114,3,10
115,2,8
115,2,16
115,2,1
116,6,8
116,6,17
116,6,15
117,6,7
117,6,1
117,6,17
117,6,15
118,4,15
118,4,12
118,4,9
119,5,16
119,5,13
119,5,5
120,6,17
120,6,15
120,6,1
120,6,7
120,6,8
121,4,2
121,4,9
122,5,16
122,5,13
123,2,8
123,2,1
123,2,16
124,3,14
124,3,10
125,5,5
125,5,13
126,6,17
126,6,15
126,6,7
126,6,8
127,2,16
127,2,8
128,3,10
128,3,14
128,3,4
129,5,13
129,5,5
130,4,2
130,4,9
131,5,13
131,5,5
132,3,4
132,3,18
132,3,14
133,1,9
133,1,12
133,1,3
133,1,15
134,4,12
134,4,9
134,4,15
134,4,2
135,6,17
135,6,7
135,6,8
136,2,16
136,2,1
136,2,8
137,6,17
137,6,15
137,6,8
137,6,11
137,6,8
138,4,12
138,4,9
139,1,9
139,1,3
139,1,12
139,1,15
140,5,13
140,5,16
140,5,5
141,1,3
141,1,12
141,1,15
142,6,11
142,6,7
142,6,1
142,6,8
142,6,15
143,2,16
143,2,8
144,4,9
144,4,15
144,4,12
144,4,2
145,4,15
145,4,12
146,6,1
146,6,11
146,6,8
146,6,15
147,6,17
147,6,11
147,6,8
147,6,15
148,1,15
148,1,3
148,1,9
148,1,12
149,2,16
149,2,1
150,6,17
150,6,15
150,6,8
150,6,11
151,2,16
151,2,8
152,2,8
152,2,16
153,6,8
153,6,1
153,6,11
153,6,8
154,5,13
154,5,5
155,4,15
155,4,9
155,4,2
155,4,12
156,3,10
156,3,14
156,3,4
156,3,18
157,6,17
157,6,15
158,3,14
158,3,18
159,1,3
159,1,12
159,1,15
159,1,9
160,1,12
160,1,3
161,1,3
161,1,15
161,1,12
161,1,9
162,2,8
162,2,1
162,2,16
163,6,1
163,6,11
163,6,7
164,3,4
164,3,18
165,3,14
165,3,18
165,3,10
165,3,4
166,3,4
166,3,10
166,3,14
166,3,18
167,2,16
167,2,8
167,2,1
168,2,8
168,2,16
168,2,1
169,3,14
169,3,18
170,2,16
170,2,8
171,2,8
171,2,16
172,6,15
172,6,1
173,5,16
173,5,5
174,4,15
174,4,9
174,4,2
175,4,12
175,4,9
176,3,4
176,3,18
176,3,10
177,6,17
177,6,8
178,6,11
178,6,8
178,6,8
178,6,17
179,1,3
179,1,9
179,1,15
179,1,12
180,1,9
180,1,12
180,1,3
181,4,15
181,4,12
181,4,9
182,1,15
182,1,3
183,3,4
183,3,18
183,3,10
183,3,14
184,2,1
184,2,8
185,2,16
185,2,1
185,2,8
186,6,7
186,6,17
186,6,8
186,6,11
187,5,16
187,5,5
187,5,13
188,1,12
188,1,15
188,1,3
189,3,18
189,3,4
189,3,10
189,3,14
190,3,4
190,3,18
190,3,14
191,3,14
191,3,4
191,3,10
192,1,3
192,1,9
192,1,15
192,1,12
193,1,15
193,1,12
193,1,9
193,1,3
194,4,9
194,4,15
195,4,12
195,4,9
196,4,2
196,4,15
197,3,14
197,3,10
198,5,13
198,5,16
199,5,13
199,5,16
200,4,2
200,4,15
200,4,9
200,4,12
201,1,9
201,1,12
201,1,3
202,3,4
202,3,14
203,3,4
203,3,18
203,3,14
203,3,10
204,2,1
204,2,8
204,2,16
205,3,4
205,3,10
205,3,18
205,3,14
206,3,14
206,3,4
206,3,18
206,3,10
207,2,16
207,2,8
207,2,1
208,4,15
208,4,12
209,1,9
209,1,15
210,4,15
210,4,2
210,4,9
211,2,16
211,2,1
211,2,8
212,6,11
212,6,1
212,6,17
212,6,8
212,6,15
213,1,15
213,1,12
213,1,3
214,2,1
214,2,8
214,2,16
215,5,13
215,5,16
215,5,5
216,5,16
216,5,5
216,5,13
217,4,15
217,4,12
218,3,4
218,3,14
219,4,15
219,4,2
219,4,12
220,3,14
220,3,18
221,6,17
221,6,11
221,6,7
222,4,2
222,4,9
222,4,15
223,2,16
223,2,1
223,2,8
224,5,16
224,5,5
225,6,11
225,6,7
225,6,8
225,6,1
226,6,17
226,6,8
227,3,10
227,3,4
227,3,14
227,3,18
228,2,8
228,2,16
228,2,1
229,3,18
229,3,14
229,3,10
230,2,8
230,2,16
230,2,1
231,1,9
231,1,12
231,1,3
231,1,15
232,2,1
232,2,8
233,4,12
233,4,9
233,4,15
234,3,18
234,3,14
235,4,2
235,4,12
235,4,15
235,4,9
236,4,15
236,4,9
237,3,14
237,3,18
237,3,4
237,3,10
238,4,12
238,4,2
238,4,9
239,4,2
239,4,9
239,4,15
240,2,8
240,2,16
241,5,5
241,5,16
241,5,13
242,2,1
242,2,8
243,3,14
243,3,18
244,3,4
244,3,18
245,1,3
245,1,9
245,1,15
245,1,12
246,5,16
246,5,13
247,4,12
247,4,2
248,5,16
248,5,5
248,5,13
249,6,7
249,6,15
249,6,8
249,6,11
250,3,4
250,3,18
250,3,10
251,1,9
251,1,15
251,1,12
252,6,8
252,6,8
252,6,7
252,6,11
253,2,8
253,2,16
254,2,16
254,2,1
254,2,8
255,2,1
255,2,8
256,3,10
256,3,18
256,3,4
256,3,14
257,5,13
257,5,5
258,5,16
258,5,5
259,1,9
259,1,15
259,1,12
259,1,3
260,6,17
260,6,8
260,6,1
260,6,11
261,4,9
261,4,15
261,4,12
261,4,2
262,2,16
262,2,1
262,2,8
263,5,13
263,5,5
263,5,16
264,3,18
264,3,10
265,6,1
265,6,8
265,6,11
266,5,16
266,5,5
267,6,8
267,6,17
268,1,15
268,1,3
269,6,1
269,6,17
269,6,8
270,1,12
270,1,15
270,1,3
271,2,8
271,2,1
271,2,16
272,4,2
272,4,12
272,4,9
273,4,15
273,4,2
273,4,12
274,6,1
274,6,8
274,6,7
274,6,8
274,6,11
275,6,17
275,6,7
275,6,1
276,1,12
276,1,9
277,2,8
277,2,1
278,3,18
278,3,14
278,3,4
278,3,10
279,3,18
279,3,4
279,3,10
280,5,16
280,5,5
281,2,8
281,2,1
282,3,4
282,3,18
282,3,10
282,3,14
283,5,13
283,5,16
283,5,5
284,4,12
284,4,2
284,4,15
284,4,9
285,1,3
285,1,15
285,1,12
285,1,9
286,1,9
286,1,12
286,1,15
287,6,7
287,6,11
287,6,17
287,6,8
288,2,8
288,2,16
289,4,2
289,4,12
289,4,15
290,4,2
290,4,15
291,2,8
291,2,1
291,2,16
292,2,8
292,2,16
292,2,1
293,4,15
293,4,2
293,4,12
294,5,5
294,5,13
294,5,16
295,6,15
295,6,8
295,6,7
296,4,12
296,4,9
296,4,2
296,4,15
297,5,5
297,5,16
298,2,8
298,2,1
299,2,8
299,2,1
300,1,9
300,1,12
300,1,15
301,4,9
301,4,12
301,4,15
302,5,5
302,5,13
303,1,15
303,1,9
304,6,8
304,6,17
304,6,7
305,2,1
305,2,16
305,2,8
306,2,8
306,2,16
307,3,14
307,3,10
307,3,18
307,3,4
308,1,12
308,1,9
308,1,3
309,2,1
309,2,16
309,2,8
310,1,15
310,1,9
310,1,12
311,3,4
311,3,18
311,3,10
311,3,14
312,1,15
312,1,9
313,4,15
313,4,2
313,4,9
313,4,12
314,1,15
314,1,12
315,2,8
315,2,1
316,6,11
316,6,15
317,4,15
317,4,9
317,4,12
318,2,16
318,2,8
318,2,1
319,6,1
319,6,7
319,6,17
319,6,15
320,6,7
320,6,8
321,2,16
321,2,8
321,2,1
322,3,14
322,3,4
322,3,18
322,3,10
323,6,8
323,6,11
323,6,7
324,6,7
324,6,11
324,6,1
325,6,15
325,6,8
326,6,1
326,6,8
327,3,14
327,3,4
328,1,15
328,1,12
328,1,9
328,1,3
329,4,9
329,4,15
329,4,2
329,4,12
330,1,3
330,1,12
330,1,15
331,1,9
331,1,15
332,3,18
332,3,14
332,3,10
333,1,15
333,1,9
334,2,1
334,2,8
334,2,16
335,3,4
335,3,14
336,2,8
336,2,1
336,2,16
337,4,2
337,4,15
337,4,12
337,4,9
338,1,9
338,1,15
339,1,15
339,1,3
339,1,12
339,1,9
340,1,12
340,1,9
340,1,3
340,1,15
341,3,4
341,3,18
341,3,10
341,3,14
342,3,14
342,3,10
342,3,4
343,2,1
343,2,16
343,2,8
344,5,16
344,5,5
345,3,4
345,3,18
345,3,10
345,3,14
346,5,13
346,5,5
346,5,16
347,6,8
347,6,8
347,6,17
348,6,17
348,6,15
348,6,7
348,6,8
349,5,13
349,5,16
350,1,15
350,1,9
350,1,12
350,1,3
351,6,1
351,6,15
352,2,16
352,2,1
353,4,12
353,4,2
354,1,9
354,1,12
354,1,15
355,3,18
355,3,10
356,6,17
356,6,15
356,6,11
356,6,7
356,6,8
357,3,10
357,3,14
358,6,8
358,6,17
359,6,15
359,6,7
359,6,8
359,6,1
360,6,15
360,6,11
360,6,1
360,6,8
361,1,15
361,1,12
361,1,3
362,4,12
362,4,2
363,5,5
363,5,16
363,5,13
364,4,15
364,4,9
365,6,7
365,6,17
365,6,8
365,6,8
365,6,15
366,3,4
366,3,18
366,3,14
367,4,15
367,4,9
367,4,2
367,4,12
368,2,1
368,2,8
369,2,16
369,2,8
369,2,1
370,1,3
370,1,15
370,1,9
370,1,12
371,3,4
371,3,10
371,3,14
372,3,10
372,3,14
372,3,18
373,6,8
373,6,17
374,1,15
374,1,12
374,1,9
374,1,3
375,2,8
375,2,1
376,4,12
376,4,9
376,4,15
377,2,8
377,2,1
377,2,16
378,5,5
378,5,13
379,6,8
379,6,8
379,6,15
379,6,17
379,6,11
380,6,8
380,6,8
380,6,15
380,6,7
381,5,5
381,5,16
381,5,13
382,5,13
382,5,16
382,5,5
383,4,9
383,4,12
383,4,2
383,4,15
384,1,12
384,1,15
384,1,3
384,1,9
385,1,15
385,1,12
385,1,3
385,1,9
386,5,16
386,5,13
387,2,8
387,2,16
388,5,13
388,5,5
389,1,3
389,1,12
389,1,15
390,5,16
390,5,13
390,5,5
391,6,8
391,6,1
391,6,8
392,4,12
392,4,2
393,3,18
393,3,10
393,3,14
394,5,13
394,5,16
394,5,5
395,6,7
395,6,15
395,6,8
395,6,8
396,4,12
396,4,9
396,4,2
396,4,15
397,4,12
397,4,9
398,5,5
398,5,13
399,4,2
399,4,12
400,1,15
400,1,12
400,1,9
400,1,3
401,2,16
401,2,1
402,4,9
402,4,12
403,2,1
403,2,16
404,1,9
404,1,3
404,1,15
404,1,12
405,1,15
405,1,9
406,1,3
406,1,15
407,1,9
407,1,12
408,2,1
408,2,16
408,2,8
409,3,10
409,3,18
409,3,14
409,3,4
410,5,16
410,5,5
410,5,13
411,2,16
411,2,8
412,4,2
412,4,9
412,4,15
413,5,5
413,5,13
413,5,16
414,3,4
414,3,18
414,3,10
415,1,9
415,1,15
416,2,8
416,2,1
416,2,16
417,1,9
417,1,12
418,3,4
418,3,14
419,3,4
419,3,18
419,3,10
420,1,9
420,1,12
420,1,15
420,1,3
421,6,8
421,6,8
421,6,7
422,2,1
422,2,8
423,5,16
423,5,13
423,5,5
424,4,15
424,4,2
425,1,15
425,1,9
426,2,16
426,2,1
427,3,18
427,3,14
427,3,4
428,5,13
428,5,5
429,3,14
429,3,18
430,4,9
430,4,2
431,3,4
431,3,14
432,1,3
432,1,12
432,1,9
432,1,15
433,3,14
433,3,10
433,3,18
434,2,1
434,2,8
435,6,8
435,6,7
435,6,1
435,6,15
436,1,3
436,1,15
437,2,8
437,2,1
438,2,8
438,2,1
438,2,16
439,3,10
439,3,4
440,1,12
440,1,9
440,1,15
440,1,3
441,2,16
441,2,8
441,2,1
442,2,8
442,2,1
443,1,9
443,1,15
443,1,3
443,1,12
444,2,16
444,2,1
444,2,8
445,3,18
445,3,14
446,6,11
446,6,15
447,6,8
447,6,1
447,6,15
447,6,8
448,4,2
448,4,15
448,4,12
448,4,9
449,5,5
449,5,13
450,2,1
450,2,16
450,2,8
451,2,1
451,2,16
451,2,8
452,3,14
452,3,4
453,1,9
453,1,12
454,4,15
454,4,9
455,1,12
455,1,9
455,1,3
456,1,12
456,1,3
456,1,9
456,1,15
457,3,18
457,3,14
458,4,2
458,4,12
458,4,15
459,2,1
459,2,16
459,2,8
460,2,1
460,2,8
461,3,10
461,3,14
461,3,4
461,3,18
462,6,7
462,6,17
463,1,3
463,1,9
463,1,12
463,1,15
464,5,16
464,5,5
465,6,1
465,6,7
465,6,8
465,6,15
466,1,9
466,1,15
467,3,10
467,3,18
468,3,4
468,3,18
468,3,14
469,3,4
469,3,14
469,3,18
470,3,10
470,3,14
470,3,18
471,2,8
471,2,1
472,6,11
472,6,17
472,6,7
472,6,8
473,5,13
473,5,16
474,1,15
474,1,3
474,1,9
475,6,7
475,6,15
476,4,9
476,4,15
477,4,9
477,4,12
477,4,2
478,1,15
478,1,12
478,1,3
478,1,9
479,4,9
479,4,15
480,4,15
480,4,9
481,4,15
481,4,2
482,3,14
482,3,18
483,4,2
483,4,9
484,6,7
484,6,1
485,4,15
485,4,12
485,4,2
486,3,18
486,3,14
487,5,5
487,5,16
487,5,13
488,4,15
488,4,9
488,4,2
489,3,10
489,3,14
490,6,15
490,6,1
490,6,8
490,6,7
491,6,8
491,6,1
492,3,10
492,3,14
493,6,1
493,6,15
493,6,17
494,5,13
494,5,5
494,5,16
495,1,12
495,1,15
495,1,9
495,1,3
496,5,5
496,5,13
497,3,10
497,3,4
497,3,18
498,1,15
498,1,9
498,1,3
498,1,12
499,6,17
499,6,11
499,6,1
499,6,15
499,6,8
500,6,11
500,6,1
500,6,17
500,6,8
501,5,5
501,5,16
501,5,13
502,2,16
502,2,1
502,2,8
503,5,13
503,5,16
503,5,5
504,5,13
504,5,16
504,5,5
505,6,8
505,6,1
505,6,15
505,6,7
505,6,17
506,3,4
506,3,10
507,2,8
507,2,1
508,3,4
508,3,14
509,6,15
509,6,8
509,6,7
510,5,13
510,5,5
510,5,16
511,3,10
511,3,4
511,3,14
512,3,10
512,3,4
512,3,18
512,3,14
513,2,8
513,2,16
514,4,2
514,4,9
514,4,12
514,4,15
515,5,16
515,5,5
515,5,13
516,3,4
516,3,18
516,3,10
516,3,14
517,1,9
517,1,12
517,1,15
518,6,11
518,6,1
518,6,8
519,6,8
519,6,7
519,6,11
520,1,12
520,1,9
520,1,3
521,4,12
521,4,9
522,3,10
522,3,4
522,3,14
522,3,18
523,1,15
523,1,3
524,3,4
524,3,18
524,3,14
524,3,10
525,6,8
525,6,15
525,6,1
526,6,17
526,6,15
527,1,15
527,1,12
527,1,3
528,5,13
528,5,5
529,3,4
529,3,10
529,3,18
529,3,14
530,4,9
530,4,2
531,5,5
531,5,16
531,5,13
532,5,5
532,5,16
532,5,13
533,1,3
533,1,15
533,1,9
534,2,16
534,2,8
534,2,1
535,3,14
535,3,18
536,1,15
536,1,9
536,1,12
536,1,3
537,3,10
537,3,14
538,2,1
538,2,8
539,3,18
539,3,14
539,3,10
539,3,4
540,4,9
540,4,12
540,4,15
541,1,15
541,1,9
541,1,3
542,5,16
542,5,5
542,5,13
543,2,1
543,2,16
543,2,8
544,4,9
544,4,2
545,3,14
545,3,18
545,3,4
546,2,8
546,2,16
547,6,15
547,6,1
547,6,7
547,6,8
547,6,11
548,3,4
548,3,14
549,2,16
549,2,8
549,2,1
550,4,2
550,4,15
550,4,9
550,4,12
551,3,14
551,3,10
551,3,4
552,3,10
552,3,18
552,3,14
552,3,4
553,5,16
553,5,13
553,5,5
554,3,4
554,3,10
554,3,14
554,3,18
555,4,2
555,4,15
556,4,9
556,4,2
556,4,12
557,1,3
557,1,12
557,1,9
558,6,17
558,6,8
559,4,12
559,4,9
559,4,15
559,4,2
560,5,16
560,5,13
560,5,5
561,3,14
561,3,18
561,3,10
561,3,4
562,1,9
562,1,15
562,1,12
562,1,3
563,3,10
563,3,4
564,6,7
564,6,1
564,6,17
565,6,11
565,6,17
566,6,15
566,6,1
566,6,7
566,6,17
567,3,4
567,3,18
568,3,4
568,3,18
568,3,10
568,3,14
569,2,16
569,2,1
569,2,8
570,6,1
570,6,17
571,5,16
571,5,5
571,5,13
572,1,15
572,1,9
572,1,12
573,1,12
573,1,3
573,1,9
573,1,15
574,5,5
574,5,16
575,5,16
575,5,5
576,5,5
576,5,13
576,5,16
577,1,15
577,1,3
577,1,9
578,6,1
578,6,15
578,6,8
578,6,11
579,6,8
579,6,8
580,6,15
580,6,8
580,6,1
580,6,7
580,6,17
581,2,8
581,2,1
582,1,3
582,1,15
582,1,9
583,5,16
583,5,13
584,2,1
584,2,8
585,1,15
585,1,9
585,1,3
585,1,12
586,2,8
586,2,16
586,2,1
587,3,4
587,3,14
587,3,18
588,5,16
588,5,13
589,5,13
589,5,5
590,5,13
590,5,16
591,5,5
591,5,16
592,2,16
592,2,8
593,3,10
593,3,14
593,3,18
593,3,4
594,5,16
594,5,13
595,6,7
595,6,11
596,5,16
596,5,5
597,1,3
597,1,12
598,5,16
598,5,13
599,3,10
599,3,18
600,3,10
600,3,14
600,3,18
600,3,4
601,4,9
601,4,15
601,4,2
602,3,14
602,3,18
602,3,10
603,6,17
603,6,1
603,6,8
603,6,15
604,1,3
604,1,9
604,1,12
605,1,9
605,1,12
606,3,18
606,3,14
606,3,4
607,5,13
607,5,16
608,4,2
608,4,12
609,2,8
609,2,16
609,2,1
610,1,12
610,1,9
610,1,15
611,1,12
611,1,15
611,1,3
612,1,15
612,1,9
612,1,3
613,3,18
613,3,10
613,3,14
614,3,4
614,3,18
615,1,15
615,1,12
615,1,3
615,1,9
616,1,9
616,1,3
617,5,16
617,5,13
618,3,4
618,3,14
618,3,18
618,3,10
619,2,8
619,2,16
619,2,1
620,3,4
620,3,18
620,3,14
620,3,10
621,4,2
621,4,9
621,4,15
622,5,16
622,5,13
622,5,5
623,4,9
623,4,2
623,4,12
624,2,1
624,2,16
624,2,8
625,2,8
625,2,16
626,6,8
626,6,7
626,6,1
626,6,15
626,6,17
627,4,2
627,4,12
627,4,15
628,4,12
628,4,9
629,2,8
629,2,16
630,1,3
630,1,9
631,4,9
631,4,2
631,4,15
632,1,15
632,1,3
633,2,8
633,2,16
634,3,14
634,3,10
634,3,4
635,6,15
635,6,8
636,4,12
636,4,2
636,4,9
637,5,5
637,5,16
637,5,13
638,5,16
638,5,13
639,2,16
639,2,1
639,2,8
640,1,9
640,1,15
640,1,3
640,1,12
641,5,13
641,5,5
641,5,16
642,2,16
642,2,1
643,1,15
643,1,12
644,4,12
644,4,9
645,5,16
645,5,5
645,5,13
646,5,5
646,5,16
646,5,13
647,1,12
647,1,15
648,3,10
648,3,18
648,3,4
649,2,16
649,2,8
649,2,1
650,5,5
650,5,13
651,1,12
651,1,15
651,1,9
651,1,3
652,6,8
652,6,11
652,6,17
652,6,1
652,6,8
653,1,12
653,1,3
654,5,5
654,5,16
655,6,8
655,6,1
656,6,17
656,6,8
656,6,11
656,6,8
657,2,1
657,2,16
658,3,14
658,3,18
658,3,4
658,3,10
659,5,5
659,5,13
659,5,16
660,4,12
660,4,9
661,3,18
661,3,10
661,3,14
661,3,4
662,2,8
662,2,1
663,2,1
663,2,8
663,2,16
664,6,8
664,6,8
664,6,15
665,4,15
665,4,12
666,3,18
666,3,10
666,3,4
667,6,8
667,6,17
668,1,15
668,1,12
668,1,9
669,1,12
669,1,15
669,1,9
669,1,3
670,1,9
670,1,3
671,2,8
671,2,1
671,2,16
672,5,16
672,5,13
673,1,3
673,1,15
674,3,4
674,3,10
675,2,16
675,2,8
675,2,1
676,6,8
676,6,15
676,6,1
676,6,17
677,5,16
677,5,5
677,5,13
678,2,8
678,2,1
678,2,16
679,5,16
679,5,13
679,5,5
680,6,17
680,6,1
680,6,8
681,1,9
681,1,3
682,6,15
682,6,17
683,6,15
683,6,7
683,6,1
683,6,8
683,6,11
684,5,5
684,5,16
685,1,12
685,1,9
685,1,15
686,5,16
686,5,13
686,5,5
687,2,16
687,2,1
687,2,8
688,2,1
688,2,16
688,2,8
689,1,9
689,1,3
689,1,15
690,3,4
690,3,10
690,3,14
691,5,16
691,5,13
691,5,5
692,6,15
692,6,11
693,5,5
693,5,16
693,5,13
694,3,18
694,3,14
695,4,9
695,4,15
695,4,2
695,4,12
696,4,9
696,4,12
696,4,15
697,5,13
697,5,5
698,5,16
698,5,5
699,6,11
699,6,7
699,6,17
699,6,1
699,6,15
700,6,1
700,6,17
700,6,15
701,1,3
701,1,9
702,4,2
702,4,12
702,4,15
703,4,9
703,4,2
703,4,15
704,4,12
704,4,9
704,4,15
705,5,5
705,5,13
705,5,16
706,3,10
706,3,14
706,3,4
706,3,18
707,1,9
707,1,15
707,1,12
707,1,3
708,4,12
708,4,9
708,4,2
708,4,15
709,5,13
709,5,5
710,3,14
710,3,10
710,3,4
710,3,18
711,1,15
711,1,9
711,1,3
712,6,8
712,6,1
712,6,17
713,3,18
713,3,4
713,3,14
714,1,3
714,1,15
714,1,12
714,1,9
715,2,8
715,2,1
716,4,15
716,4,2
717,5,5
717,5,16
718,1,12
718,1,3
718,1,9
719,1,3
719,1,12
720,6,7
720,6,17
720,6,1
720,6,8
720,6,8
721,6,8
721,6,1
722,6,8
722,6,7
722,6,15
722,6,17
722,6,8
723,5,16
723,5,5
723,5,13
724,2,16
724,2,1
725,6,11
725,6,15
725,6,8
726,1,9
726,1,15
727,5,5
727,5,13
727,5,16
728,1,12
728,1,3
729,3,10
729,3,18
729,3,14
730,5,5
730,5,13
731,2,1
731,2,8
732,1,9
732,1,15
732,1,12
732,1,3
733,2,8
733,2,16
733,2,1
734,3,4
734,3,10
734,3,18
735,1,9
735,1,15
735,1,3
735,1,12
736,6,11
736,6,8
736,6,1
736,6,8
736,6,15
737,4,2
737,4,9
738,4,15
738,4,2
739,6,17
739,6,11
739,6,15
739,6,8
740,1,12
740,1,3
741,4,12
741,4,15
741,4,9
741,4,2
742,1,15
742,1,3
742,1,9
743,6,8
743,6,15
743,6,1
743,6,11
744,2,1
744,2,16
745,1,9
745,1,15
746,6,1
746,6,7
746,6,8
747,2,1
747,2,8
748,6,8
748,6,11
748,6,8
748,6,17
749,6,7
749,6,15
749,6,8
749,6,8
749,6,1
750,4,9
750,4,12
750,4,15
751,3,4
751,3,14
751,3,10
752,5,13
752,5,16
752,5,5
753,3,10
753,3,14
753,3,4
754,6,17
754,6,11
754,6,7
755,3,14
755,3,10
755,3,4
755,3,18
756,1,15
756,1,12
757,2,1
757,2,16
758,5,5
758,5,13
759,3,4
759,3,18
759,3,14
759,3,10
760,1,3
760,1,9
760,1,15
761,1,9
761,1,3
761,1,15
762,3,10
762,3,18
762,3,4
762,3,14
763,2,8
763,2,16
763,2,1
764,3,10
764,3,14
764,3,4
765,1,3
765,1,9
765,1,12
766,5,13
766,5,16
767,5,13
767,5,5
768,2,8
768,2,16
768,2,1
769,6,7
769,6,8
769,6,11
769,6,1
770,3,14
770,3,18
770,3,10
771,6,7
771,6,11
772,1,12
772,1,3
773,2,16
773,2,1
774,4,15
774,4,9
775,5,16
775,5,5
776,2,1
776,2,16
777,2,8
777,2,16
777,2,1
778,3,14
778,3,4
778,3,10
779,2,8
779,2,16
780,3,18
780,3,10
781,6,15
781,6,17
781,6,8
782,2,1
782,2,16
783,3,18
783,3,14
783,3,10
784,3,18
784,3,14
784,3,10
785,1,9
785,1,12
785,1,15
786,3,14
786,3,18
786,3,10
787,1,12
787,1,9
788,3,10
788,3,14
788,3,4
789,6,8
789,6,15
789,6,7
790,6,7
790,6,8
790,6,1
790,6,11
791,1,9
791,1,15
791,1,3
791,1,12
792,1,9
792,1,3
793,6,11
793,6,1
793,6,15
793,6,17
794,3,18
794,3,10
795,5,13
795,5,5
795,5,16
796,3,14
796,3,10
797,4,9
797,4,15
797,4,12
798,3,18
798,3,14
798,3,4
799,4,12
799,4,2
799,4,9
800,1,15
800,1,3
801,2,8
801,2,1
801,2,16
802,3,18
802,3,4
803,6,11
803,6,7
803,6,17
803,6,1
804,5,5
804,5,16
804,5,13
805,2,8
805,2,16
806,3,14
806,3,18
807,4,2
807,4,15
808,5,16
808,5,13
809,4,9
809,4,15
809,4,2
810,1,12
810,1,9
811,2,1
811,2,16
812,4,9
812,4,2
812,4,12
813,1,3
813,1,12
813,1,9
813,1,15
814,3,18
814,3,14
814,3,4
814,3,10
815,1,3
815,1,9
816,6,17
816,6,15
816,6,7
816,6,8
816,6,8
817,3,14
817,3,4
817,3,18
818,3,14
818,3,4
818,3,10
819,4,15
819,4,2
820,5,5
820,5,13
820,5,16
821,2,1
821,2,16
822,4,2
822,4,12
823,3,14
823,3,10
824,1,9
824,1,3
825,2,16
825,2,1
826,3,10
826,3,4
826,3,18
827,4,2
827,4,15
827,4,9
827,4,12
828,4,12
828,4,2
828,4,9
828,4,15
829,3,10
829,3,18
829,3,4
829,3,14
830,4,2
830,4,12
830,4,15
830,4,9
831,3,4
831,3,14
832,3,14
832,3,10
832,3,4
832,3,18
833,3,14
833,3,4
833,3,10
834,3,14
834,3,10
834,3,4
835,5,16
835,5,5
835,5,13
836,1,12
836,1,15
837,4,9
837,4,15
838,2,1
838,2,8
838,2,16
839,2,1
839,2,8
839,2,16
840,4,2
840,4,15
840,4,9
840,4,12
841,2,16
841,2,1
841,2,8
842,6,1
842,6,8
842,6,7
842,6,8
843,5,16
843,5,5
844,2,8
844,2,1
844,2,16
845,3,18
845,3,14
845,3,10
845,3,4
846,1,3
846,1,9
846,1,12
847,2,1
847,2,16
848,6,7
848,6,1
848,6,8
848,6,8
849,4,15
849,4,9
849,4,12
850,1,15
850,1,12
850,1,9
851,4,9
851,4,2
852,5,13
852,5,5
852,5,16
853,4,2
853,4,9
854,3,4
854,3,18
854,3,14
855,1,12
855,1,9
856,3,4
856,3,10
856,3,14
856,3,18
857,6,15
857,6,8
858,6,11
858,6,7
858,6,17
858,6,15
859,3,10
859,3,4
859,3,18
860,5,16
860,5,13
860,5,5
861,4,2
861,4,12
862,3,10
862,3,18
863,6,8
863,6,7
863,6,8
863,6,15
863,6,17
864,1,9
864,1,15
864,1,12
865,6,11
865,6,1
865,6,7
865,6,17
865,6,8
866,2,1
866,2,8
866,2,16
867,4,12
867,4,2
867,4,15
867,4,9
868,4,2
868,4,9
869,5,13
869,5,5
870,4,2
870,4,12
870,4,15
871,2,16
871,2,1
872,6,8
872,6,17
873,1,3
873,1,15
873,1,12
873,1,9
874,2,8
874,2,16
874,2,1
875,1,9
875,1,12
875,1,15
875,1,3
876,1,9
876,1,12
876,1,3
877,4,2
877,4,15
877,4,12
878,4,15
878,4,2
878,4,9
878,4,12
879,2,16
879,2,1
880,1,3
880,1,9
880,1,15
880,1,12
881,5,5
881,5,16
882,5,5
882,5,13
883,4,2
883,4,12
884,5,13
884,5,16
884,5,5
885,1,3
885,1,12
886,6,17
886,6,8
886,6,15
886,6,1
886,6,11
887,6,1
887,6,8
887,6,15
887,6,17
887,6,8
888,6,15
888,6,7
889,6,1
889,6,8
890,6,17
890,6,11
890,6,7
891,2,1
891,2,8
891,2,16
892,6,15
892,6,1
892,6,8
892,6,17
892,6,11
893,2,1
893,2,16
893,2,8
894,2,16
894,2,1
895,2,8
895,2,1
896,6,8
896,6,17
896,6,1
897,5,16
897,5,5
897,5,13
898,5,5
898,5,13
899,3,10
899,3,18
900,1,9
900,1,12
901,2,1
901,2,16
901,2,8
902,6,1
902,6,15
902,6,8
902,6,7
902,6,17
903,4,12
903,4,15
903,4,2
903,4,9
904,4,9
904,4,15
904,4,2
904,4,12
905,1,12
905,1,9
905,1,15
905,1,3
906,3,14
906,3,10
907,1,12
907,1,15
907,1,3
908,3,4
908,3,10
908,3,14
909,2,1
909,2,16
909,2,8
910,3,14
910,3,4
911,1,15
911,1,3
911,1,9
912,4,2
912,4,12
912,4,9
913,2,8
913,2,1
914,3,4
914,3,18
914,3,14
915,2,8
915,2,1
915,2,16
916,2,8
916,2,16
917,4,15
917,4,9
917,4,2
917,4,12
918,4,12
918,4,2
918,4,15
919,6,11
919,6,15
919,6,7
919,6,17
919,6,8
920,1,3
920,1,9
921,5,13
921,5,16
921,5,5
922,3,10
922,3,14
923,2,1
923,2,16
923,2,8
924,2,16
924,2,8
925,5,5
925,5,16
925,5,13
926,6,15
926,6,8
927,4,15
927,4,2
927,4,9
927,4,12
928,5,5
928,5,16
928,5,13
929,5,13
929,5,5
929,5,16
930,4,9
930,4,2
931,4,15
931,4,12
932,1,3
932,1,15
932,1,12
932,1,9
933,6,8
933,6,7
933,6,8
933,6,1
933,6,17
934,2,1
934,2,16
934,2,8
935,2,8
935,2,1
935,2,16
936,1,15
936,1,12
936,1,3
937,2,16
937,2,8
937,2,1
938,4,15
938,4,9
938,4,12
939,3,14
939,3,10
940,2,1
940,2,8
941,3,10
941,3,4
941,3,18
942,5,13
942,5,5
943,1,9
943,1,12
943,1,3
943,1,15
944,2,16
944,2,8
945,6,8
945,6,8
945,6,15
945,6,7
946,3,14
946,3,18
947,2,1
947,2,8
947,2,16
948,4,9
948,4,12
948,4,15
949,1,9
949,1,3
950,2,1
950,2,16
950,2,8
951,3,4
951,3,10
951,3,14
951,3,18
952,4,2
952,4,15
952,4,9
953,6,11
953,6,8
953,6,1
953,6,7
953,6,8
954,3,18
954,3,10
954,3,14
955,4,2
955,4,12
955,4,9
955,4,15
956,2,1
956,2,8
957,5,5
957,5,13
957,5,16
958,6,8
958,6,7
958,6,15
959,2,8
959,2,1
960,1,15
960,1,3
960,1,12
960,1,9
961,6,8
961,6,15
962,1,3
962,1,12
962,1,15
962,1,9
963,4,15
963,4,2
963,4,9
963,4,12
964,6,15
964,6,1
964,6,8
964,6,8
965,3,4
965,3,10
966,5,13
966,5,5
966,5,16
967,6,8
967,6,17
967,6,1
967,6,15
967,6,8
968,6,1
968,6,7
968,6,11
968,6,8
968,6,15
969,5,16
969,5,13
969,5,5
970,1,3
970,1,15
970,1,9
971,5,13
971,5,5
971,5,16
972,6,11
972,6,8
972,6,17
973,3,4
973,3,14
973,3,10
973,3,18
974,3,18
974,3,14
975,3,4
975,3,14
975,3,18
975,3,10
976,3,4
976,3,18
977,2,16
977,2,8
977,2,1
978,2,16
978,2,8
979,6,8
979,6,7
979,6,17
979,6,15
979,6,11
980,5,16
980,5,5
980,5,13
981,3,10
981,3,18
981,3,4
981,3,14
982,2,8
982,2,1
983,3,14
983,3,4
984,3,4
984,3,10
984,3,14
984,3,18
985,3,4
985,3,18
985,3,14
986,3,4
986,3,14
986,3,18
987,3,10
987,3,18
988,3,4
988,3,10
988,3,18
988,3,14
989,3,4
989,3,10
989,3,18
989,3,14
990,5,16
990,5,13
990,5,5
991,4,12
991,4,15
991,4,9
992,6,1
992,6,8
993,6,11
993,6,7
993,6,8
993,6,1
993,6,8
994,5,16
994,5,13
995,2,16
995,2,8
995,2,1
996,2,8
996,2,1
997,1,3
997,1,9
997,1,12
997,1,15
998,6,8
998,6,17
999,1,12
999,1,15
1000,2,16
1000,2,1
1000,2,8
1001,0,8
1001,0,15
1002,0,2
1002,0,13
1003,0,13
1003,0,2
1004,0,7
1004,0,1
1004,0,12
1004,0,10
1005,0,13
1005,0,4
1006,0,1
1006,0,11
1006,0,2
1006,0,13
1007,0,3
1007,0,16
1007,0,18
1007,0,9
1008,0,8
1008,0,4
1008,0,5
1008,0,15
1008,0,17
1009,0,3
1009,0,11
1009,0,5
1009,0,10
1010,0,13
1010,0,4
1010,0,11
1011,0,2
1011,0,6
1011,0,8
1011,0,15
1012,0,12
1012,0,10
1013,0,8
1013,0,3
1013,0,4
1014,0,15
1014,0,2
1014,0,3
1014,0,12
1014,0,17
1015,0,12
1015,0,16
1015,0,10
1015,0,2
1015,0,3
1016,0,15
1016,0,8
1016,0,1
1016,0,18
1016,0,3
1017,0,17
1017,0,14
1018,0,14
1018,0,11
1019,0,17
1019,0,18
1020,0,11
1020,0,3
1020,0,2
1020,0,10
1021,0,15
1021,0,13
1021,0,4
1021,0,6
1022,0,7
1022,0,13
1022,0,16
1022,0,5
1023,0,12
1023,0,3
1023,0,9
1024,0,18
1024,0,9
1024,0,17
1024,0,16
1025,0,7
1025,0,1
1026,0,2
1026,0,9
1026,0,10
1027,0,10
1027,0,12
1027,0,8
1027,0,2
1028,0,11
1028,0,12
1028,0,16
1029,0,13
1029,0,7
1029,0,8
1029,0,3
1030,0,12
1030,0,10
1030,0,14
1031,0,18
1031,0,1
1031,0,16
1032,0,11
1032,0,2
1032,0,15
1032,0,6
1032,0,18
1033,0,15
1033,0,5
1033,0,17
1034,0,12
1034,0,4
1035,0,17
1035,0,13
1035,0,9
1035,0,5
1035,0,7
1036,0,8
1036,0,5
1037,0,15
1037,0,16
1037,0,5
1037,0,14
1037,0,2
1038,0,8
1038,0,12
1038,0,6
1039,0,18
1039,0,11
1039,0,9
1039,0,15
1040,0,12
1040,0,14
1041,0,16
1041,0,8
1041,0,6
1041,0,18
1041,0,9
1042,0,9
1042,0,13
1042,0,18
1042,0,7
1042,0,5
1043,0,6
1043,0,1
1043,0,18
1043,0,16
1043,0,7
1044,0,4
1044,0,15
1044,0,6
1044,0,2
1044,0,17
1045,0,10
1045,0,15
1045,0,17
1045,0,5
1045,0,13
1046,0,18
1046,0,10
1046,0,5
1047,0,11
1047,0,7
1048,0,8
1048,0,5
1048,0,9
1049,0,14
1049,0,12
1050,0,5
1050,0,9
1051,0,13
1051,0,18
1051,0,6
1052,0,7
1052,0,11
1052,0,10
1052,0,8
1053,0,15
1053,0,14
1053,0,5
1053,0,4
1053,0,9
1054,0,5
1054,0,2
1054,0,15
1054,0,8
1055,0,18
1055,0,12
1055,0,17
1055,0,8
1056,0,2
1056,0,9
1056,0,16
1057,0,14
1057,0,7
1057,0,12
1057,0,4
1057,0,6
1058,0,10
1058,0,13
1058,0,12
1058,0,9
1058,0,14
1059,0,11
1059,0,8
1060,0,18
1060,0,13
1060,0,5
1060,0,7
1060,0,14
1061,0,14
1061,0,16
1061,0,3
1061,0,1
1062,0,16
1062,0,4
1062,0,9
1063,0,17
1063,0,6
1063,0,14
1063,0,10
1063,0,9
1064,0,2
1064,0,13
1064,0,15
1065,0,1
1065,0,7
1066,0,15
1066,0,3
1066,0,11
1066,0,9
1067,0,11
1067,0,1
1067,0,4
1068,0,16
1068,0,14
1069,0,13
1069,0,16
1069,0,18
1069,0,4
1070,0,1
1070,0,6
1070,0,5
1070,0,4
1071,0,3
1071,0,8
1071,0,7
1071,0,15
1072,0,8
1072,0,14
1072,0,11
1072,0,9
1073,0,17
1073,0,12
1073,0,15
1073,0,3
1073,0,4
1074,0,5
1074,0,3
1074,0,16
1074,0,10
1075,0,15
1075,0,4
1076,0,3
1076,0,8
1076,0,15
1076,0,16
1076,0,4
1077,0,12
1077,0,3
1077,0,8
1077,0,7
1077,0,13
1078,0,4
1078,0,3
1078,0,15
1078,0,18
1079,0,4
1079,0,1
1079,0,11
1079,0,14
1079,0,2
1080,0,17
1080,0,4
1081,0,12
1081,0,3
1082,0,12
1082,0,10
1082,0,9
1083,0,11
1083,0,5
1084,0,6
1084,0,10
1084,0,7
1084,0,4
1085,0,13
1085,0,18
1085,0,5
1086,0,8
1086,0,11
1086,0,15
1087,0,16
1087,0,9
1087,0,14
1087,0,7
1087,0,13
1088,0,8
1088,0,7
1088,0,10
1088,0,17
1089,0,17
1089,0,8
1090,0,11
1090,0,10
1090,0,2
1090,0,7
1090,0,13
1091,0,3
1091,0,12
1091,0,15
1091,0,9
1092,0,17
1092,0,9
1092,0,15
1092,0,3
1093,0,12
1093,0,14
1093,0,6
1094,0,5
1094,0,14
1095,0,12
1095,0,3
1095,0,11
1095,0,17
1095,0,9
1096,0,5
1096,0,4
1096,0,6
1096,0,12
1097,0,15
1097,0,3
1097,0,1
1097,0,16
1097,0,18
1098,0,5
1098,0,17
1098,0,16
1099,0,15
1099,0,1
1099,0,4
1100,0,9
1100,0,17
1100,0,16
1100,0,7
1101,0,17
1101,0,8
1101,0,10
1101,0,3
1102,0,14
1102,0,6
1102,0,4
1103,0,8
1103,0,13
1103,0,17
1103,0,7
1104,0,12
1104,0,4
1104,0,18
1105,0,2
1105,0,16
1105,0,9
1106,0,14
1106,0,5
1106,0,17
1106,0,6
1107,0,2
1107,0,12
1107,0,6
1108,0,10
1108,0,18
1108,0,13
1108,0,7
1108,0,16
1109,0,14
1109,0,10
1109,0,12
1110,0,12
1110,0,7
1111,0,11
1111,0,14
1111,0,17
1111,0,7
1112,0,2
1112,0,15
1112,0,16
1113,0,9
1113,0,15
1113,0,12
1113,0,1
1114,0,11
1114,0,2
1115,0,13
1115,0,12
1115,0,7
1115,0,4
1116,0,17
1116,0,7
1116,0,14
1116,0,16
1116,0,15
1117,0,18
1117,0,11
1118,0,2
1118,0,9
1118,0,18
1118,0,10
1118,0,3
1119,0,14
1119,0,7
1120,0,15
1120,0,1
1120,0,6
1120,0,3
1120,0,14
1121,0,3
1121,0,10
1121,0,9
1121,0,16
1122,0,11
1122,0,10
1122,0,8
1122,0,7
1123,0,18
1123,0,7
1124,0,11
1124,0,12
1124,0,14
1125,0,11
1125,0,17
1126,0,14
1126,0,12
1126,0,15
1126,0,11
1126,0,4
1127,0,2
1127,0,8
1127,0,3
1127,0,17
1127,0,5
1128,0,1
1128,0,6
1128,0,12
1128,0,7
1129,0,5
1129,0,9
1129,0,2
1129,0,1
1130,0,3
1130,0,5
1130,0,16
1131,0,12
1131,0,4
1131,0,16
1131,0,13
1132,0,16
1132,0,8
1132,0,18
1132,0,10
1132,0,7
1133,0,8
1133,0,4
1133,0,14
1133,0,12
1133,0,17
1134,0,8
1134,0,14
1134,0,2
1135,0,16
1135,0,11
1135,0,6
1136,0,1
1136,0,12
1136,0,8
1136,0,16
1137,0,13
1137,0,7
1137,0,8
1137,0,17
1138,0,17
1138,0,16
1138,0,1
1138,0,18
1139,0,18
1139,0,17
1140,0,15
1140,0,5
1140,0,17
1140,0,18
1141,0,11
1141,0,3
1141,0,9
1141,0,13
1141,0,12
1142,0,11
1142,0,16
1142,0,3
1142,0,5
1142,0,4
1143,0,9
1143,0,17
1143,0,1
1143,0,13
1144,0,10
1144,0,5
1144,0,3
1144,0,4
1144,0,1
1145,0,18
1145,0,7
1145,0,3
1145,0,4
1146,0,10
1146,0,9
1147,0,10
1147,0,16
1147,0,14
1147,0,13
1147,0,12
1148,0,6
1148,0,9
1148,0,7
1149,0,12
1149,0,14
1149,0,3
1149,0,6
1149,0,10
1150,0,1
1150,0,8
1150,0,9
1151,0,7
1151,0,18
1152,0,11
1152,0,10
1152,0,6
1152,0,1
1152,0,7
1153,0,14
1153,0,13
1153,0,10
1153,0,5
1154,0,2
1154,0,4
1155,0,9
1155,0,15
1156,0,10
1156,0,17
1156,0,7
1156,0,8
1156,0,18
1157,0,9
1157,0,5
1157,0,17
1158,0,16
1158,0,4
1158,0,13
1158,0,10
1158,0,2
1159,0,15
1159,0,10
1160,0,2
1160,0,16
1160,0,5
1160,0,10
1160,0,4
1161,0,5
1161,0,11
1161,0,1
1161,0,12
1162,0,9
1162,0,13
1162,0,7
1163,0,18
1163,0,2
1164,0,7
1164,0,9
1164,0,11
1164,0,16
1164,0,2
1165,0,18
1165,0,7
1165,0,12
1165,0,14
1166,0,10
1166,0,18
1166,0,15
1167,0,6
1167,0,11
1167,0,7
1167,0,14
1167,0,17
1168,0,17
1168,0,8
1168,0,4
1168,0,3
1169,0,2
1169,0,7
1169,0,1
1170,0,5
1170,0,7
1170,0,9
1170,0,8
1170,0,10
1171,0,1
1171,0,14
1172,0,12
1172,0,3
1172,0,10
1173,0,14
1173,0,13
1173,0,16
1173,0,8
1173,0,6
1174,0,7
1174,0,4
1175,0,10
1175,0,3
1175,0,8
1176,0,8
1176,0,1
1176,0,2
1176,0,7
1176,0,17
1177,0,5
1177,0,18
1177,0,6
1177,0,13
1178,0,7
1178,0,6
1178,0,16
1179,0,17
1179,0,2
1179,0,18
1179,0,3
1179,0,4
1180,0,16
1180,0,6
1180,0,10
1180,0,7
1181,0,8
1181,0,13
1181,0,12
1182,0,9
1182,0,13
1182,0,17
1183,0,6
1183,0,12
1183,0,16
1183,0,1
1184,0,16
1184,0,6
1184,0,1
1184,0,9
1185,0,12
1185,0,13
1185,0,15
1186,0,8
1186,0,11
1186,0,14
1187,0,4
1187,0,9
1187,0,17
1187,0,10
1188,0,15
1188,0,11
1188,0,5
1188,0,17
1188,0,18
1189,0,14
1189,0,18
1189,0,8
1189,0,4
1189,0,5
1190,0,15
1190,0,12
1190,0,6
1191,0,11
1191,0,14
1191,0,15
1192,0,14
1192,0,8
1192,0,11
1192,0,15
1192,0,13
1193,0,14
1193,0,10
1194,0,3
1194,0,10
1194,0,5
1194,0,7
1195,0,14
1195,0,8
1195,0,18
1195,0,9
1195,0,3
1196,0,9
1196,0,7
1196,0,10
1196,0,4
1197,0,9
1197,0,2
1197,0,17
1198,0,4
1198,0,7
1198,0,1
1198,0,12
1198,0,13
1199,0,1
1199,0,13
1200,0,4
1200,0,1
1201,0,8
1201,0,17
1201,0,16
1201,0,3
1202,0,10
1202,0,9
1202,0,17
1202,0,6
1202,0,14
1203,0,14
1203,0,1
1203,0,5
1203,0,3
1204,0,2
1204,0,10
1204,0,14
1205,0,3
1205,0,6
1205,0,14
1205,0,2
1206,0,9
1206,0,3
1206,0,18
1206,0,13
1207,0,1
1207,0,9
1207,0,4
1207,0,5
1207,0,3
1208,0,10
1208,0,5
1208,0,9
1208,0,3
1209,0,6
1209,0,17
1209,0,4
1209,0,7
1209,0,14
1210,0,9
1210,0,18
1210,0,4
1211,0,18
1211,0,8
1211,0,11
1212,0,10
1212,0,15
1213,0,5
1213,0,13
1213,0,2
1214,0,12
1214,0,13
1214,0,6
1214,0,7
1214,0,18
1215,0,7
1215,0,17
1215,0,13
1216,0,12
1216,0,10
1217,0,2
1217,0,8
1218,0,16
1218,0,12
1218,0,17
1218,0,15
1218,0,11
1219,0,8
1219,0,11
1219,0,16
1220,0,4
1220,0,10
1220,0,13
1220,0,12
1220,0,7
1221,0,6
1221,0,14
1221,0,9
1222,0,5
1222,0,11
1222,0,6
1222,0,3
1223,0,12
1223,0,6
1223,0,13
1224,0,8
1224,0,15
1225,0,9
1225,0,2
1225,0,4
1226,0,14
1226,0,11
1226,0,8
1226,0,18
1226,0,2
1227,0,1
1227,0,7
1227,0,18
1228,0,16
1228,0,5
1228,0,13
1228,0,12
1228,0,4
1229,0,4
1229,0,13
1230,0,2
1230,0,17
1230,0,14
1230,0,15
1231,0,15
1231,0,1
1231,0,5
1231,0,7
1232,0,18
1232,0,1
1232,0,17
1233,0,2
1233,0,3
1234,0,12
1234,0,18
1234,0,13
1234,0,11
1234,0,2
1235,0,9
1235,0,13
1235,0,6
1235,0,18
1236,0,16
1236,0,1
1236,0,10
1236,0,2
1236,0,11
1237,0,13
1237,0,16
1237,0,11
1237,0,2
1238,0,4
1238,0,7
1238,0,1
1238,0,14
1238,0,17
1239,0,11
1239,0,5
1240,0,3
1240,0,17
1241,0,15
1241,0,7
1242,0,9
1242,0,11
1243,0,3
1243,0,7
1244,0,15
1244,0,18
1244,0,1
1245,0,8
1245,0,17
1246,0,7
1246,0,16
1246,0,14
1247,0,16
1247,0,10
1247,0,12
1247,0,15
1248,0,8
1248,0,14
1248,0,4
1249,0,15
1249,0,17
1249,0,5
1249,0,9
1249,0,4
1250,0,1
1250,0,10
1250,0,3
1250,0,2
1250,0,9
1251,0,1
1251,0,9
1252,0,17
1252,0,18
1252,0,12
1252,0,1
1253,0,17
1253,0,7
1253,0,10
1254,0,13
1254,0,6
1254,0,18
1254,0,5
1255,0,5
1255,0,9
1255,0,8
1256,0,17
1256,0,2
1256,0,3
1256,0,16
1256,0,18
1257,0,11
1257,0,13
1257,0,6
1258,0,11
1258,0,12
1258,0,5
1258,0,18
1259,0,12
1259,0,18
1259,0,9
1259,0,3
1259,0,16
1260,0,3
1260,0,16
1260,0,6
1260,0,18
1261,0,4
1261,0,16
1262,0,12
1262,0,13
1262,0,11
1263,0,5
1263,0,15
1263,0,2
1264,0,13
1264,0,14
1264,0,3
1264,0,4
1264,0,18
1265,0,7
1265,0,5
1266,0,9
1266,0,17
1266,0,15
1266,0,2
1267,0,16
1267,0,9
1267,0,7
1267,0,5
1268,0,14
1268,0,12
1268,0,17
1269,0,9
1269,0,18
1270,0,17
1270,0,10
1270,0,7
1270,0,6
1270,0,14
1271,0,3
1271,0,9
1271,0,10
1271,0,12
1272,0,9
1272,0,18
1272,0,11
1273,0,3
1273,0,18
1273,0,4
1274,0,11
1274,0,6
1274,0,5
1274,0,2
1275,0,15
1275,0,10
1276,0,7
1276,0,8
1276,0,14
1276,0,17
1277,0,18
1277,0,4
1277,0,2
1277,0,14
1277,0,9
1278,0,9
1278,0,7
1278,0,2
1278,0,11
1278,0,10
1279,0,13
1279,0,11
1280,0,16
1280,0,2
1280,0,5
1281,0,1
1281,0,6
1281,0,3
1281,0,14
1282,0,18
1282,0,7
1282,0,14
1283,0,14
1283,0,9
1283,0,12
1283,0,1
1284,0,9
1284,0,15
1284,0,7
1284,0,1
1285,0,17
1285,0,14
1285,0,2
1285,0,18
1285,0,9
1286,0,14
1286,0,18
1286,0,15
1286,0,5
1286,0,6
1287,0,1
1287,0,9
1287,0,17
1287,0,14
1288,0,4
1288,0,14
1289,0,10
1289,0,9
1290,0,3
1290,0,1
1290,0,14
1290,0,16
1291,0,9
1291,0,17
1292,0,2
1292,0,3
1293,0,5
1293,0,9
1293,0,18
1293,0,16
1294,0,6
1294,0,5
1294,0,18
1294,0,2
1294,0,14
1295,0,15
1295,0,13
1295,0,4
1295,0,9
1295,0,5
1296,0,11
1296,0,16
1297,0,8
1297,0,16
1298,0,6
1298,0,3
1298,0,16
1299,0,11
1299,0,5
1299,0,4
1299,0,8
1299,0,1
1300,0,10
1300,0,17
1300,0,18
1301,0,12
1301,0,8
1301,0,7
1302,0,5
1302,0,10
1302,0,13
1302,0,2
1303,0,17
1303,0,4
1303,0,5
1303,0,18
1304,0,16
1304,0,11
1304,0,13
1304,0,17
1304,0,2
1305,0,14
1305,0,13
1305,0,18
1305,0,8
1305,0,15
1306,0,9
1306,0,15
1306,0,17
1306,0,4
1306,0,12
1307,0,16
1307,0,14
1307,0,2
1307,0,7
1308,0,16
1308,0,10
1308,0,8
1308,0,18
1308,0,1
1309,0,4
1309,0,18
1309,0,6
1309,0,2
1309,0,9
1310,0,13
1310,0,6
1310,0,10
1310,0,2
1310,0,12
1311,0,4
1311,0,15
1311,0,12
1311,0,17
1311,0,11
1312,0,10
1312,0,5
1312,0,1
1312,0,2
1312,0,3
1313,0,4
1313,0,5
1314,0,6
1314,0,11
1314,0,17
1315,0,12
1315,0,2
1316,0,2
1316,0,8
1316,0,17
1317,0,18
1317,0,11
1318,0,2
1318,0,17
1318,0,14
1318,0,13
1319,0,3
1319,0,4
1319,0,14
1319,0,6
1320,0,1
1320,0,11
1321,0,16
1321,0,6
1321,0,9
1321,0,10
1321,0,4
1322,0,2
1322,0,16
1322,0,12
1322,0,7
1323,0,1
1323,0,3
1323,0,17
1323,0,12
1323,0,14
1324,0,17
1324,0,6
1324,0,14
1325,0,1
1325,0,18
1325,0,14
1326,0,17
1326,0,16
1326,0,13
1327,0,13
1327,0,15
1327,0,10
1328,0,15
1328,0,10
1328,0,5
1329,0,7
1329,0,4
1329,0,18
1330,0,14
1330,0,6
1330,0,13
1330,0,11
1331,0,7
1331,0,11
1331,0,1
1331,0,13
1332,0,14
1332,0,18
1332,0,4
1332,0,11
1333,0,4
1333,0,3
1334,0,1
1334,0,15
1334,0,14
1334,0,8
1335,0,7
1335,0,16
1336,0,10
1336,0,13
1336,0,8
1337,0,18
1337,0,9
1337,0,1
1337,0,11
1338,0,17
1338,0,9
1338,0,11
1338,0,16
1338,0,5
1339,0,8
1339,0,4
1339,0,12
1340,0,3
1340,0,7
1341,0,7
1341,0,15
1341,0,8
1341,0,5
1341,0,6
1342,0,4
1342,0,12
1342,0,3
1342,0,17
1343,0,7
1343,0,9
1343,0,18
1344,0,18
1344,0,8
1345,0,17
1345,0,7
1345,0,1
1345,0,15
1346,0,5
1346,0,8
1347,0,17
1347,0,11
1347,0,18
1347,0,15
1348,0,11
1348,0,2
1348,0,5
1348,0,14
1348,0,17
1349,0,18
1349,0,7
1349,0,11
1349,0,12
1349,0,10
1350,0,7
1350,0,8
1350,0,15
1350,0,4
1350,0,6
1351,0,12
1351,0,4
1351,0,6
1351,0,8
1351,0,2
1352,0,5
1352,0,8
1352,0,2
1352,0,3
1352,0,12
1353,0,18
1353,0,4
1353,0,9
1354,0,8
1354,0,16
1354,0,4
1355,0,5
1355,0,3
1355,0,8
1355,0,10
1356,0,16
1356,0,3
1356,0,18
1356,0,10
1357,0,10
1357,0,15
1357,0,14
1357,0,4
1357,0,8
1358,0,1
1358,0,12
1358,0,8
1359,0,18
1359,0,1
1359,0,11
1359,0,15
1359,0,16
1360,0,1
1360,0,17
1360,0,18
1361,0,13
1361,0,11
1362,0,11
1362,0,16
1363,0,9
1363,0,1
1364,0,7
1364,0,15
1364,0,3
1365,0,7
1365,0,9
1365,0,18
1365,0,1
1365,0,17
1366,0,16
1366,0,8
1366,0,6
1366,0,4
1366,0,7
1367,0,11
1367,0,13
1367,0,9
1368,0,7
1368,0,13
1369,0,12
1369,0,15
1369,0,2
1369,0,3
1370,0,5
1370,0,6
1370,0,3
1370,0,9
1370,0,15
1371,0,1
1371,0,6
1372,0,7
1372,0,11
1373,0,15
1373,0,7
1373,0,2
1374,0,11
1374,0,13
1374,0,15
1375,0,10
1375,0,11
1375,0,1
1375,0,16
1376,0,8
1376,0,12
1376,0,14
1376,0,10
1377,0,15
1377,0,16
1377,0,4
1377,0,7
1377,0,11
1378,0,12
1378,0,4
1379,0,15
1379,0,16
1379,0,6
1380,0,12
1380,0,8
1380,0,16
1380,0,17
1381,0,16
1381,0,8
1381,0,17
1381,0,10
1381,0,18
1382,0,15
1382,0,18
1383,0,9
1383,0,4
1383,0,1
1383,0,10
1383,0,2
1384,0,5
1384,0,16
1385,0,14
1385,0,6
1385,0,17
1385,0,7
1386,0,15
1386,0,17
1386,0,12
1386,0,9
1387,0,3
1387,0,11
1387,0,7
1388,0,6
1388,0,15
1389,0,8
1389,0,17
1389,0,18
1390,0,5
1390,0,17
1391,0,18
1391,0,14
1391,0,11
1391,0,4
1391,0,2
1392,0,9
1392,0,7
1392,0,1
1392,0,13
1393,0,10
1393,0,6
1393,0,17
1394,0,9
1394,0,2
1394,0,3
1394,0,12
1394,0,13
1395,0,3
1395,0,4
1396,0,3
1396,0,11
1396,0,4
1396,0,1
1397,0,6
1397,0,13
1397,0,17
1397,0,15
1398,0,12
1398,0,4
1399,0,10
1399,0,18
1399,0,1
1399,0,8
1400,0,5
1400,0,14
1401,0,4
1401,0,17
1402,0,13
1402,0,12
1402,0,16
1402,0,3
1402,0,18
1403,0,6
1403,0,7
1403,0,13
1404,0,11
1404,0,9
1404,0,5
1404,0,1
1405,0,13
1405,0,6
1405,0,12
1405,0,4
1405,0,2
1406,0,3
1406,0,9
1406,0,10
1406,0,13
1407,0,16
1407,0,9
1408,0,13
1408,0,16
1408,0,5
1408,0,1
1408,0,6
1409,0,1
1409,0,15
1410,0,2
1410,0,13
1410,0,18
1410,0,10
1411,0,18
1411,0,1
1412,0,16
1412,0,1
1412,0,18
1412,0,7
1412,0,15
1413,0,16
1413,0,9
1413,0,14
1413,0,4
1413,0,15
1414,0,6
1414,0,9
1415,0,13
1415,0,8
1415,0,6
1416,0,3
1416,0,12
1416,0,5
1416,0,16
1417,0,8
1417,0,14
1417,0,11
1417,0,7
1418,0,2
1418,0,1
1419,0,10
1419,0,12
1419,0,6
1419,0,15
1419,0,7
1420,0,5
1420,0,17
1420,0,13
1420,0,1
1421,0,15
1421,0,10
1422,0,11
1422,0,6
1422,0,1
1422,0,15
1422,0,18
1423,0,14
1423,0,4
1424,0,2
1424,0,14
1424,0,4
1425,0,17
1425,0,8
1426,0,5
1426,0,10
1426,0,13
1426,0,15
1426,0,3
1427,0,10
1427,0,16
1428,0,14
1428,0,3
1428,0,9
1428,0,6
1429,0,13
1429,0,11
1429,0,15
1430,0,14
1430,0,16
1430,0,6
1430,0,3
1430,0,1
1431,0,3
1431,0,1
1432,0,3
1432,0,6
1432,0,12
1432,0,8
1433,0,3
1433,0,18
1433,0,8
1434,0,12
1434,0,13
1434,0,2
1434,0,16
1434,0,11
1435,0,18
1435,0,8
1435,0,16
1435,0,11
1436,0,8
1436,0,10
1436,0,14
1436,0,3
1436,0,13
1437,0,16
1437,0,12
1438,0,18
1438,0,17
1438,0,5
1438,0,8
1438,0,3
1439,0,5
1439,0,9
1439,0,16
1439,0,13
1439,0,6
1440,0,14
1440,0,6
1440,0,3
1440,0,4
1441,0,9
1441,0,13
1441,0,4
1441,0,14
1441,0,16
1442,0,7
1442,0,5
1443,0,11
1443,0,6
1443,0,14
1443,0,8
1444,0,5
1444,0,4
1445,0,7
1445,0,10
1445,0,9
1446,0,7
1446,0,10
1446,0,3
1446,0,2
1447,0,7
1447,0,18
1447,0,3
1447,0,9
1448,0,3
1448,0,10
1448,0,4
1449,0,1
1449,0,15
1450,0,7
1450,0,12
1451,0,5
1451,0,11
1451,0,7
1451,0,12
1451,0,14
1452,0,15
1452,0,10
1452,0,6
1452,0,11
1453,0,17
1453,0,4
1453,0,18
1454,0,4
1454,0,17
1454,0,5
1455,0,2
1455,0,1
1455,0,6
1456,0,11
1456,0,1
1456,0,8
1457,0,17
1457,0,5
1457,0,14
1457,0,7
1458,0,18
1458,0,15
1459,0,2
1459,0,16
1459,0,6
1460,0,3
1460,0,10
1460,0,16
1460,0,4
1461,0,12
1461,0,16
1461,0,7
1461,0,3
1461,0,1
1462,0,5
1462,0,16
1462,0,7
1462,0,6
1462,0,10
1463,0,12
1463,0,17
1463,0,10
1464,0,5
1464,0,4
1464,0,8
1464,0,12
1465,0,13
1465,0,2
1465,0,18
1465,0,1
1466,0,4
1466,0,15
1466,0,9
1467,0,14
1467,0,17
1467,0,1
1467,0,7
1468,0,1
1468,0,10
1468,0,9
1469,0,2
1469,0,3
1469,0,18
1469,0,9
1469,0,17
1470,0,10
1470,0,4
1470,0,14
1470,0,3
1471,0,5
1471,0,12
1471,0,6
1471,0,1
1472,0,1
1472,0,16
1472,0,18
1472,0,14
1472,0,6
1473,0,2
1473,0,1
1474,0,18
1474,0,17
1475,0,4
1475,0,8
1475,0,6
1475,0,17
1475,0,10
1476,0,18
1476,0,4
1476,0,3
1477,0,15
1477,0,6
1477,0,11
1478,0,14
1478,0,18
1478,0,17
1478,0,10
1479,0,4
1479,0,3
1479,0,18
1479,0,12
1480,0,5
1480,0,18
1481,0,18
1481,0,13
1482,0,11
1482,0,9
1482,0,1
1483,0,14
1483,0,13
1484,0,2
1484,0,6
1484,0,18
1484,0,15
1485,0,1
1485,0,6
1486,0,6
1486,0,16
1487,0,11
1487,0,6
1488,0,15
1488,0,2
1489,0,4
1489,0,16
1489,0,9
1490,0,5
1490,0,13
1490,0,9
1490,0,2
1490,0,3
1491,0,1
1491,0,5
1491,0,10
1491,0,16
1491,0,13
1492,0,11
1492,0,12
1493,0,5
1493,0,1
1493,0,6
1493,0,7
1493,0,16
1494,0,3
1494,0,2
1494,0,14
1494,0,17
1495,0,16
1495,0,4
1495,0,10
1495,0,8
1496,0,9
1496,0,14
1496,0,17
1497,0,13
1497,0,12
1497,0,2
1498,0,15
1498,0,18
1499,0,6
1499,0,17
1500,0,10
1500,0,12
1500,0,5
1501,0,8
1501,0,13
1501,0,16
1501,0,15
1502,0,2
1502,0,4
1502,0,12
1503,0,9
1503,0,5
1503,0,14
1503,0,16
1504,0,8
1504,0,2
1504,0,1
1505,0,2
1505,0,12
1506,0,15
1506,0,4
1506,0,10
1507,0,5
1507,0,13
1508,0,4
1508,0,5
1508,0,7
1508,0,14
1508,0,10
1509,0,14
1509,0,11
1509,0,13
1509,0,7
1510,0,9
1510,0,14
1510,0,5
1510,0,18
1510,0,12
1511,0,1
1511,0,7
1511,0,10
1511,0,5
1511,0,15
1512,0,2
1512,0,18
1512,0,9
1512,0,15
1512,0,12
1513,0,14
1513,0,11
1513,0,2
1513,0,15
1514,0,16
1514,0,10
1514,0,7
1514,0,3
1514,0,1
1515,0,8
1515,0,15
1515,0,6
1515,0,9
1515,0,11
1516,0,9
1516,0,1
1516,0,3
1516,0,10
1516,0,18
1517,0,18
1517,0,11
1517,0,10
1517,0,7
1517,0,4
1518,0,13
1518,0,16
1518,0,4
1518,0,10
1519,0,7
1519,0,16
1519,0,2
1519,0,11
1520,0,2
1520,0,1
1520,0,13
1520,0,5
1521,0,11
1521,0,12
1521,0,17
1521,0,10
1521,0,16
1522,0,2
1522,0,14
1523,0,3
1523,0,10
1523,0,11
1524,0,17
1524,0,9
1524,0,16
1524,0,2
1525,0,8
1525,0,15
1525,0,14
1525,0,17
1526,0,17
1526,0,13
1526,0,16
1527,0,7
1527,0,17
1527,0,6
1528,0,7
1528,0,12
1528,0,6
1529,0,18
1529,0,9
1529,0,10
1530,0,3
1530,0,16
1530,0,15
1531,0,11
1531,0,9
1531,0,4
1532,0,17
1532,0,13
1533,0,18
1533,0,16
1534,0,9
1534,0,17
1535,0,10
1535,0,8
1535,0,18
1536,0,8
1536,0,12
1537,0,8
1537,0,6
1537,0,7
1537,0,9
1537,0,1
1538,0,3
1538,0,10
1538,0,9
1538,0,13
1538,0,15
1539,0,18
1539,0,12
1540,0,7
1540,0,1
1540,0,5
1540,0,11
1541,0,13
1541,0,6
1542,0,2
1542,0,3
1542,0,5
1542,0,4
1542,0,18
1543,0,2
1543,0,8
1544,0,14
1544,0,8
1544,0,6
1545,0,4
1545,0,9
1545,0,15
1545,0,11
1546,0,9
1546,0,2
1546,0,13
1547,0,16
1547,0,7
1547,0,8
1548,0,18
1548,0,12
1548,0,2
1549,0,17
1549,0,5
1549,0,7
1549,0,4
1550,0,5
1550,0,15
1551,0,9
1551,0,1
1551,0,10
1552,0,13
1552,0,5
1553,0,14
1553,0,6
1553,0,3
1554,0,9
1554,0,18
1554,0,4
1554,0,2
1554,0,16
1555,0,4
1555,0,8
1555,0,11
1555,0,12
1555,0,15
1556,0,13
1556,0,10
1556,0,8
1556,0,15
1556,0,7
1557,0,11
1557,0,2
1557,0,4
1558,0,7
1558,0,4
1558,0,9
1558,0,11
1559,0,8
1559,0,12
1560,0,5
1560,0,16
1561,0,17
1561,0,5
1561,0,2
1561,0,13
1562,0,2
1562,0,3
1562,0,18
1563,0,2
1563,0,9
1563,0,11
1564,0,7
1564,0,9
1564,0,11
1564,0,12
1565,0,14
1565,0,16
1565,0,18
1566,0,3
1566,0,2
1566,0,10
1566,0,12
1567,0,8
1567,0,6
1567,0,18
1568,0,10
1568,0,5
1568,0,13
1568,0,1
1568,0,12
1569,0,9
1569,0,2
1569,0,7
1570,0,11
1570,0,18
1571,0,11
1571,0,17
1571,0,3
1572,0,15
1572,0,16
1573,0,2
1573,0,10
1573,0,4
1573,0,8
1573,0,14
1574,0,6
1574,0,15
1574,0,5
1574,0,12
1575,0,15
1575,0,10
1575,0,7
1575,0,2
1575,0,5
1576,0,2
1576,0,16
1576,0,5
1577,0,4
1577,0,14
1577,0,13
1577,0,5
1577,0,18
1578,0,13
1578,0,11
1578,0,18
1578,0,6
1579,0,3
1579,0,12
1579,0,16
1580,0,1
1580,0,16
1580,0,14
1580,0,13
1581,0,12
1581,0,2
1582,0,11
1582,0,4
1582,0,3
1582,0,7
1582,0,14
1583,0,1
1583,0,18
1583,0,5
1583,0,2
1584,0,14
1584,0,17
1584,0,11
1584,0,10
1584,0,2
1585,0,3
1585,0,13
1585,0,10
1586,0,13
1586,0,3
1586,0,16
1586,0,10
1586,0,17
1587,0,10
1587,0,3
1587,0,9
1588,0,16
1588,0,11
1589,0,10
1589,0,6
1589,0,16
1590,0,11
1590,0,17
1590,0,15
1590,0,4
1591,0,5
1591,0,16
1592,0,8
1592,0,9
1593,0,17
1593,0,4
1593,0,11
1594,0,13
1594,0,3
1595,0,5
1595,0,12
1595,0,17
1595,0,6
1596,0,9
1596,0,18
1596,0,15
1597,0,8
1597,0,7
1597,0,16
1598,0,9
1598,0,8
1599,0,15
1599,0,6
1600,0,17
1600,0,10
1600,0,14
1601,0,8
1601,0,14
1602,0,17
1602,0,16
1602,0,12
1603,0,8
1603,0,14
1603,0,12
1604,0,13
1604,0,4
1604,0,1
1605,0,16
1605,0,17
1606,0,2
1606,0,7
1607,0,8
1607,0,16
1607,0,3
1607,0,9
1608,0,4
1608,0,17
1608,0,6
1608,0,14
1609,0,1
1609,0,7
1610,0,12
1610,0,8
1611,0,10
1611,0,15
1611,0,5
1612,0,5
1612,0,17
1612,0,18
1612,0,6
1612,0,3
1613,0,12
1613,0,8
1614,0,11
1614,0,10
1614,0,4
1614,0,14
1614,0,13
1615,0,14
1615,0,13
1615,0,17
1616,0,12
1616,0,6
1617,0,12
1617,0,3
1617,0,14
1618,0,6
1618,0,3
1618,0,1
1618,0,7
1619,0,18
1619,0,4
1620,0,1
1620,0,10
1621,0,4
1621,0,7
1622,0,8
1622,0,2
1622,0,13
1622,0,6
1623,0,10
1623,0,4
1623,0,2
1623,0,6
1623,0,1
1624,0,1
1624,0,4
1624,0,11
1625,0,9
1625,0,11
1625,0,16
1625,0,2
1625,0,3
1626,0,8
1626,0,4
1627,0,16
1627,0,11
1627,0,7
1628,0,7
1628,0,4
1628,0,9
1628,0,12
1628,0,6
1629,0,8
1629,0,5
1629,0,3
1629,0,2
1630,0,11
1630,0,6
1630,0,16
1631,0,13
1631,0,16
1631,0,9
1631,0,3
1632,0,6
1632,0,11
1633,0,18
1633,0,2
1633,0,15
1633,0,7
1633,0,5
1634,0,2
1634,0,5
1634,0,7
1635,0,6
1635,0,5
1635,0,18
1636,0,6
1636,0,17
1637,0,12
1637,0,18
1637,0,9
1638,0,11
1638,0,12
1638,0,5
1639,0,15
1639,0,5
1639,0,14
1640,0,12
1640,0,5
1640,0,18
1640,0,10
1640,0,16
1641,0,2
1641,0,14
1641,0,7
1642,0,9
1642,0,1
1642,0,15
1642,0,12
1643,0,16
1643,0,5
1643,0,11
1644,0,7
1644,0,13
1645,0,3
1645,0,11
1645,0,8
1646,0,4
1646,0,10
1646,0,3
1646,0,12
1647,0,15
1647,0,3
1648,0,12
1648,0,10
1648,0,9
1648,0,18
1649,0,15
1649,0,13
1650,0,2
1650,0,9
1651,0,15
1651,0,18
1651,0,14
1652,0,16
1652,0,14
1653,0,11
1653,0,6
1654,0,6
1654,0,2
1655,0,4
1655,0,6
1656,0,12
1656,0,13
1656,0,16
1657,0,8
1657,0,16
1657,0,6
1657,0,15
1658,0,6
1658,0,15
1658,0,11
1658,0,4
1658,0,17
1659,0,9
1659,0,3
1659,0,1
1659,0,6
1660,0,18
1660,0,13
1660,0,15
1661,0,6
1661,0,3
1661,0,9
1661,0,1
1661,0,4
1662,0,16
1662,0,12
1663,0,16
1663,0,13
1663,0,17
1663,0,12
1664,0,7
1664,0,3
1664,0,14
1665,0,14
1665,0,10
1665,0,4
1665,0,8
1666,0,11
1666,0,16
1666,0,13
1667,0,17
1667,0,12
1667,0,3
1667,0,8
1667,0,9
1668,0,5
1668,0,14
1668,0,2
1668,0,7
1669,0,12
1669,0,11
1670,0,13
1670,0,2
1670,0,9
1670,0,4
1670,0,12
1671,0,11
1671,0,14
1671,0,6
1671,0,2
1671,0,18
1672,0,13
1672,0,5
1672,0,6
1672,0,1
1672,0,8
1673,0,15
1673,0,1
1673,0,8
1674,0,7
1674,0,18
1674,0,4
1674,0,1
1675,0,8
1675,0,11
1675,0,10
1675,0,15
1675,0,18
1676,0,1
1676,0,13
1676,0,8
1677,0,11
1677,0,13
1678,0,6
1678,0,12
1678,0,17
1679,0,18
1679,0,3
1679,0,10
1679,0,9
1680,0,9
1680,0,14
1680,0,13
1680,0,1
1681,0,17
1681,0,14
1681,0,15
1682,0,3
1682,0,9
1682,0,14
1682,0,7
1683,0,12
1683,0,17
1684,0,11
1684,0,7
1684,0,6
1685,0,3
1685,0,8
1685,0,13
1685,0,6
1686,0,8
1686,0,11
1686,0,6
1686,0,3
1686,0,12
1687,0,8
1687,0,3
1687,0,14
1687,0,5
1688,0,14
1688,0,18
1689,0,1
1689,0,9
1689,0,8
1689,0,18
1690,0,1
1690,0,2
1690,0,10
1690,0,17
1690,0,5
1691,0,7
1691,0,14
1692,0,16
1692,0,10
1693,0,14
1693,0,6
1694,0,5
1694,0,9
1694,0,7
1695,0,3
1695,0,10
1695,0,16
1696,0,2
1696,0,12
1697,0,16
1697,0,10
1698,0,17
1698,0,2
1698,0,1
1698,0,7
1698,0,15
1699,0,15
1699,0,10
1699,0,4
1700,0,16
1700,0,18
1700,0,10
1701,0,6
1701,0,3
1701,0,2
1701,0,15
1701,0,10
1702,0,7
1702,0,16
1702,0,1
1703,0,4
1703,0,1
1703,0,3
1703,0,9
1704,0,9
1704,0,4
1704,0,8
1705,0,3
1705,0,4
1705,0,17
1705,0,8
1705,0,16
1706,0,16
1706,0,3
1706,0,14
1706,0,17
1707,0,18
1707,0,15
1707,0,14
1707,0,4
1707,0,9
1708,0,10
1708,0,6
1708,0,4
1708,0,11
1708,0,3
1709,0,8
1709,0,13
1710,0,15
1710,0,16
1711,0,15
1711,0,2
1711,0,17
1711,0,14
1712,0,8
1712,0,12
1712,0,9
1713,0,13
1713,0,1
1714,0,2
1714,0,4
1714,0,1
1715,0,2
1715,0,3
1715,0,14
1715,0,11
1715,0,12
1716,0,11
1716,0,5
1716,0,2
1716,0,17
1717,0,7
1717,0,15
1717,0,3
1717,0,13
1718,0,11
1718,0,7
1719,0,3
1719,0,10
1719,0,1
1719,0,6
1720,0,1
1720,0,15
1720,0,12
1720,0,3
1721,0,1
1721,0,14
1722,0,18
1722,0,7
1722,0,3
1722,0,2
1722,0,12
1723,0,11
1723,0,4
1723,0,17
1723,0,13
1723,0,16
1724,0,4
1724,0,9
1724,0,6
1725,0,4
1725,0,3
1725,0,13
1725,0,18
1725,0,2
1726,0,5
1726,0,14
1726,0,10
1726,0,3
1727,0,3
1727,0,1
1727,0,15
1727,0,14
1727,0,4
1728,0,4
1728,0,15
1728,0,7
1729,0,16
1729,0,2
1729,0,14
1729,0,12
1730,0,11
1730,0,6
1730,0,16
1731,0,14
1731,0,17
1731,0,10
1731,0,16
1732,0,4
1732,0,9
1733,0,4
1733,0,6
1734,0,9
1734,0,10
1735,0,11
1735,0,14
1735,0,16
1735,0,18
1735,0,10
1736,0,11
1736,0,10
1737,0,16
1737,0,9
1737,0,8
1738,0,14
1738,0,10
1738,0,15
1739,0,1
1739,0,16
1739,0,14
1739,0,3
1740,0,15
1740,0,14
1741,0,8
1741,0,6
1741,0,11
1742,0,3
1742,0,2
1743,0,2
1743,0,13
1744,0,17
1744,0,10
1744,0,9
1745,0,3
1745,0,8
1745,0,6
1745,0,5
1745,0,9
1746,0,2
1746,0,14
1746,0,13
1746,0,3
1747,0,9
1747,0,12
1747,0,17
1747,0,5
1747,0,11
1748,0,6
1748,0,1
1748,0,7
1748,0,5
1749,0,2
1749,0,3
1750,0,4
1750,0,5
1750,0,10
1750,0,13
1751,0,7
1751,0,9
1752,0,7
1752,0,1
1752,0,3
1753,0,14
1753,0,8
1754,0,1
1754,0,4
1755,0,18
1755,0,2
1755,0,4
1756,0,8
1756,0,16
1756,0,6
1756,0,4
1756,0,13
1757,0,3
1757,0,18
1757,0,7
1758,0,13
1758,0,5
1758,0,17
1758,0,15
1759,0,5
1759,0,15
1759,0,12
1759,0,11
1760,0,15
1760,0,14
1761,0,6
1761,0,18
1762,0,5
1762,0,2
1762,0,16
1762,0,18
1762,0,3
1763,0,13
1763,0,11
1763,0,3
1763,0,9
1763,0,15
1764,0,17
1764,0,12
1764,0,2
1764,0,16
1764,0,6
1765,0,13
1765,0,15
1766,0,5
1766,0,2
1766,0,1
1766,0,12
1767,0,16
1767,0,17
1767,0,1
1767,0,18
1767,0,11
1768,0,3
1768,0,5
1768,0,11
1768,0,6
1769,0,17
1769,0,11
1769,0,14
1769,0,10
1770,0,8
1770,0,16
1770,0,4
1770,0,2
1771,0,10
1771,0,13
1771,0,18
1771,0,16
1771,0,14
1772,0,18
1772,0,15
1773,0,6
1773,0,8
1774,0,9
1774,0,6
1775,0,1
1775,0,5
1775,0,11
1775,0,9
1775,0,6
1776,0,6
1776,0,18
1776,0,9
1776,0,5
1777,0,9
1777,0,17
1778,0,6
1778,0,2
1778,0,15
1778,0,14
1779,0,5
1779,0,17
1779,0,10
1779,0,3
1780,0,14
1780,0,17
1780,0,11
1781,0,16
1781,0,2
1782,0,11
1782,0,3
1783,0,3
1783,0,13
1783,0,6
1783,0,1
1783,0,5
1784,0,5
1784,0,10
1784,0,12
1784,0,6
1784,0,7
1785,0,13
1785,0,9
1785,0,5
1786,0,3
1786,0,9
1786,0,18
1787,0,8
1787,0,14
1787,0,9
1788,0,16
1788,0,8
1789,0,2
1789,0,8
1789,0,11
1789,0,16
1789,0,1
1790,0,12
1790,0,4
1790,0,17
1790,0,6
1791,0,6
1791,0,17
1791,0,1
1791,0,3
1791,0,5
1792,0,10
1792,0,18
1792,0,2
1792,0,11
1793,0,10
1793,0,1
1793,0,14
1793,0,11
1794,0,11
1794,0,16
1794,0,13
1794,0,7
1795,0,4
1795,0,8
1796,0,11
1796,0,10
1796,0,16
1796,0,18
1796,0,9
1797,0,15
1797,0,13
1797,0,7
1797,0,2
1798,0,8
1798,0,3
1799,0,12
1799,0,9
1799,0,14
1799,0,17
1800,0,3
1800,0,13
1800,0,18
1800,0,5
1800,0,4
1801,0,18
1801,0,16
1801,0,8
1802,0,5
1802,0,16
1803,0,10
1803,0,12
1804,0,5
1804,0,13
1805,0,18
1805,0,8
1806,0,13
1806,0,18
1806,0,3
1806,0,15
1807,0,2
1807,0,9
1808,0,14
1808,0,15
1809,0,10
1809,0,1
1809,0,2
1809,0,16
1809,0,17
1810,0,15
1810,0,1
1810,0,3
1810,0,17
1811,0,16
1811,0,10
1811,0,8
1811,0,11
1811,0,14
1812,0,1
1812,0,12
1812,0,2
1812,0,10
1813,0,16
1813,0,7
1813,0,1
1813,0,9
1814,0,1
1814,0,18
1814,0,14
1814,0,17
1814,0,8
1815,0,7
1815,0,4
1816,0,15
1816,0,12
1816,0,9
1817,0,17
1817,0,18
1817,0,10
1817,0,8
1817,0,11
1818,0,2
1818,0,10
1818,0,17
1818,0,8
1819,0,1
1819,0,9
1819,0,14
1819,0,7
1819,0,15
1820,0,9
1820,0,17
1821,0,15
1821,0,5
1821,0,13
1821,0,11
1821,0,6
1822,0,2
1822,0,16
1822,0,15
1822,0,4
1823,0,8
1823,0,1
1823,0,18
1823,0,12
1824,0,9
1824,0,6
1824,0,13
1824,0,10
1824,0,16
1825,0,15
1825,0,12
1825,0,1
1825,0,8
1825,0,14
1826,0,8
1826,0,2
1826,0,12
1827,0,11
1827,0,14
1828,0,13
1828,0,18
1829,0,15
1829,0,18
1829,0,7
1829,0,9
1830,0,12
1830,0,4
1830,0,3
1831,0,15
1831,0,6
1831,0,16
1831,0,13
1832,0,13
1832,0,7
1832,0,10
1833,0,7
1833,0,6
1833,0,13
1833,0,1
1834,0,3
1834,0,18
1834,0,13
1835,0,5
1835,0,11
1835,0,2
1835,0,17
1836,0,11
1836,0,13
1837,0,2
1837,0,12
1838,0,13
1838,0,7
1838,0,6
1838,0,16
1838,0,11
1839,0,13
1839,0,6
1839,0,14
1839,0,11
1839,0,17
1840,0,12
1840,0,11
1840,0,15
1840,0,18
1840,0,8
1841,0,13
1841,0,10
1841,0,11
1842,0,10
1842,0,4
1842,0,13
1842,0,6
1843,0,14
1843,0,16
1843,0,10
1844,0,18
1844,0,10
1844,0,3
1844,0,5
1845,0,2
1845,0,3
1845,0,12
1845,0,18
1845,0,9
1846,0,11
1846,0,18
1846,0,15
1846,0,5
1846,0,14
1847,0,12
1847,0,8
1847,0,2
1847,0,4
1848,0,4
1848,0,7
1848,0,10
1848,0,5
1848,0,18
1849,0,1
1849,0,7
1849,0,9
1850,0,1
1850,0,14
1850,0,7
1850,0,4
1850,0,5
1851,0,11
1851,0,16
1852,0,3
1852,0,5
1853,0,16
1853,0,9
1854,0,9
1854,0,17
1854,0,16
1855,0,5
1855,0,11
1855,0,4
1855,0,18
1855,0,16
1856,0,4
1856,0,1
1857,0,15
1857,0,9
1857,0,4
1857,0,16
1857,0,5
1858,0,1
1858,0,8
1858,0,4
1859,0,12
1859,0,13
1860,0,5
1860,0,15
1861,0,7
1861,0,12
1861,0,11
1862,0,1
1862,0,9
1862,0,12
1862,0,4
1862,0,13
1863,0,3
1863,0,18
1863,0,11
1864,0,16
1864,0,17
1864,0,3
1865,0,13
1865,0,10
1865,0,11
1865,0,6
1865,0,5
1866,0,17
1866,0,6
1867,0,17
1867,0,9
1867,0,3
1867,0,5
1867,0,6
1868,0,3
1868,0,14
1868,0,5
1868,0,18
1869,0,15
1869,0,14
1869,0,12
1869,0,4
1869,0,2
1870,0,18
1870,0,17
1870,0,10
1870,0,6
1870,0,7
1871,0,3
1871,0,16
1871,0,1
1872,0,15
1872,0,10
1872,0,17
1873,0,6
1873,0,2
1873,0,15
1873,0,18
1873,0,10
1874,0,6
1874,0,10
1874,0,17
1874,0,4
1875,0,6
1875,0,4
1875,0,12
1875,0,8
1875,0,17
1876,0,2
1876,0,9
1876,0,13
1877,0,15
1877,0,6
1877,0,13
1877,0,10
1878,0,5
1878,0,4
1878,0,2
1878,0,3
1878,0,13
1879,0,2
1879,0,3
1879,0,17
1879,0,13
1879,0,9
1880,0,13
1880,0,15
1880,0,9
1880,0,8
1880,0,12
1881,0,5
1881,0,1
1882,0,3
1882,0,18
1882,0,11
1882,0,1
1883,0,10
1883,0,8
1883,0,5
1883,0,9
1884,0,1
1884,0,3
1884,0,8
1885,0,7
1885,0,18
1885,0,1
1885,0,8
1886,0,2
1886,0,12
1886,0,3
1886,0,18
1887,0,11
1887,0,17
1887,0,18
1888,0,18
1888,0,13
1888,0,16
1888,0,15
1889,0,2
1889,0,10
1889,0,11
1889,0,14
1890,0,6
1890,0,16
1890,0,1
1891,0,1
1891,0,18
1891,0,12
1891,0,4
1892,0,9
1892,0,7
1892,0,4
1892,0,14
1893,0,12
1893,0,3
1893,0,18
1894,0,2
1894,0,1
1894,0,7
1895,0,17
1895,0,11
1895,0,18
1896,0,17
1896,0,9
1896,0,14
1896,0,7
1897,0,9
1897,0,4
1897,0,18
1898,0,15
1898,0,2
1899,0,6
1899,0,8
1899,0,3
1900,0,15
1900,0,16
1900,0,11
1900,0,4
1900,0,9
1901,0,10
1901,0,15
1901,0,9
1902,0,13
1902,0,5
1902,0,10
1902,0,12
1903,0,7
1903,0,4
1904,0,2
1904,0,17
1904,0,5
1904,0,16
1905,0,2
1905,0,11
1905,0,14
1905,0,17
1906,0,5
1906,0,16
1906,0,3
1906,0,10
1907,0,1
1907,0,6
1907,0,5
1907,0,2
1907,0,12
1908,0,5
1908,0,18
1908,0,11
1908,0,10
1909,0,1
1909,0,11
1909,0,9
1909,0,14
1909,0,18
1910,0,10
1910,0,3
1910,0,11
1911,0,18
1911,0,3
1911,0,8
1912,0,18
1912,0,10
1913,0,5
1913,0,16
1913,0,10
1913,0,6
1914,0,18
1914,0,2
1914,0,13
1914,0,1
1914,0,10
1915,0,7
1915,0,16
1915,0,15
1915,0,4
1916,0,14
1916,0,13
1916,0,3
1916,0,12
1917,0,3
1917,0,14
1917,0,5
1918,0,14
1918,0,6
1918,0,15
1918,0,10
1919,0,3
1919,0,8
1919,0,11
1920,0,5
1920,0,8
1920,0,14
1920,0,10
1920,0,11
1921,0,12
1921,0,14
1921,0,17
1922,0,2
1922,0,13
1923,0,14
1923,0,6
1923,0,13
1923,0,15
1923,0,1
1924,0,1
1924,0,15
1924,0,17
1924,0,14
1924,0,18
1925,0,4
1925,0,5
1926,0,14
1926,0,16
1926,0,11
1926,0,12
1926,0,17
1927,0,4
1927,0,14
1927,0,12
1927,0,15
1927,0,13
1928,0,12
1928,0,1
1929,0,12
1929,0,13
1929,0,2
1929,0,6
1930,0,7
1930,0,8
1931,0,13
1931,0,16
1931,0,6
1931,0,4
1932,0,17
1932,0,13
1932,0,16
1932,0,11
1933,0,8
1933,0,17
1934,0,3
1934,0,9
1934,0,16
1934,0,18
1934,0,15
1935,0,12
1935,0,3
1935,0,13
1936,0,6
1936,0,14
1936,0,9
1936,0,3
1936,0,13
1937,0,15
1937,0,5
1937,0,10
1938,0,10
1938,0,2
1939,0,18
1939,0,9
1939,0,3
1939,0,12
1940,0,4
1940,0,12
1940,0,15
1940,0,1
1940,0,14
1941,0,7
1941,0,2
1941,0,10
1941,0,9
1942,0,4
1942,0,13
1942,0,18
1943,0,12
1943,0,18
1943,0,16
1944,0,16
1944,0,18
1945,0,11
1945,0,6
1945,0,12
1946,0,14
1946,0,18
1947,0,12
1947,0,8
1948,0,5
1948,0,11
1948,0,12
1948,0,7
1948,0,15
1949,0,16
1949,0,3
1949,0,10
1949,0,14
1949,0,8
1950,0,7
1950,0,13
1950,0,14
1951,0,1
1951,0,17
1952,0,8
1952,0,3
1952,0,12
1952,0,2
1952,0,17
1953,0,10
1953,0,8
1954,0,3
1954,0,16
1954,0,4
1954,0,13
1954,0,6
1955,0,14
1955,0,17
1956,0,3
1956,0,9
1957,0,17
1957,0,16
1957,0,15
1957,0,9
1958,0,10
1958,0,2
1958,0,17
1958,0,12
1959,0,9
1959,0,8
1959,0,3
1959,0,1
1959,0,5
1960,0,7
1960,0,16
1961,0,18
1961,0,7
1962,0,16
1962,0,13
1962,0,10
1963,0,10
1963,0,15
1963,0,12
1963,0,18
1964,0,10
1964,0,13
1964,0,18
1965,0,17
1965,0,4
1965,0,1
1965,0,11
1966,0,15
1966,0,2
1966,0,6
1966,0,3
1967,0,10
1967,0,2
1967,0,9
1968,0,9
1968,0,3
1968,0,10
1968,0,18
1968,0,4
1969,0,5
1969,0,2
1969,0,13
1969,0,18
1969,0,12
1970,0,10
1970,0,8
1970,0,11
1971,0,1
1971,0,13
1971,0,12
1972,0,7
1972,0,8
1973,0,14
1973,0,17
1973,0,5
1974,0,5
1974,0,11
1975,0,5
1975,0,13
1976,0,8
1976,0,14
1976,0,17
1976,0,6
1976,0,1
1977,0,15
1977,0,7
1977,0,3
1977,0,6
1977,0,16
1978,0,11
1978,0,4
1979,0,7
1979,0,12
1980,0,4
1980,0,1
1980,0,11
1980,0,16
1980,0,15
1981,0,5
1981,0,1
1982,0,4
1982,0,7
1982,0,13
1982,0,1
1983,0,11
1983,0,16
1983,0,17
1983,0,12
1983,0,14
1984,0,14
1984,0,3
1984,0,18
1985,0,11
1985,0,3
1986,0,4
1986,0,17
1986,0,16
1986,0,12
1987,0,16
1987,0,10
1987,0,6
1988,0,6
1988,0,2
1989,0,6
1989,0,8
1989,0,3
1989,0,4
1990,0,4
1990,0,1
1990,0,7
1990,0,13
1990,0,16
1991,0,11
1991,0,10
1992,0,17
1992,0,18
1993,0,4
1993,0,11
1993,0,16
1994,0,2
1994,0,9
1994,0,14
1994,0,7
1995,0,18
1995,0,13
1995,0,12
1995,0,3
1995,0,7
1996,0,12
1996,0,8
1996,0,11
1996,0,2
1997,0,2
1997,0,4
1998,0,16
1998,0,5
1998,0,1
1998,0,14
1999,0,17
1999,0,1
2000,0,13
2000,0,14
2000,0,3
